<?xml version="1.0" encoding="UTF-8"?>
<deployablecomponents>
 <!-- Deployable Component Config File for WIU's CAS SSO Custom Authentication Module for Inbound Requests
   -- If deploying this module with updates either to the java libraries or this config file:
        (1) The <version /> tag must be updated to a new version
            <major.minor.fix>.<manual-iteration>
        (2) Leave the major, minor, and fix numbers as they are, which reflect the module's version
        (3) Increment the manual-iteration number, which reflects the deployment of your replacement module
            Example: <version>1.3.1.0</version> becomes <version>1.3.1.1</version>
   -- After the module installation:
        (1) enable deployable components on the server administration level,
        (2) configure this module further on the institutional administrative level
        (3) Optionally, set default SSO institution on the domain administration level
   -->

    <component>
        <version>1.3.1.0</version>
        <powerlinks-version>8.0.0</powerlinks-version>
        <id>WIUSSOCAS</id>
        <!-- valid types include sso siapi and proxytools -->
        <type>sso</type>
        <classname>edu.wiu.sso.cas.webct.CASInbound</classname>
        <author>Western Illinois University / Russell E Glaue</author>
        <description>WIU's CAS Validation Inbound Module, for Blackboard (WebCT) 8.0+, Power Links SDK 8.0.0</description>

        <settings-structure>

            <settings-group name="CASInbound"
                            type="service"
                            label="WIU CAS Authentication Inbound Module">

                <!-- REQUIRED ELEMENTS -->
                            
                <setting-element name="controlflag"
                                 label="security.authNModule.controlFlag"
                                 data-type="String"
                                 presentation-type="ComboBox"
                                 inheritable="true"
                                 optional="false"
                                 read-only="false"
                         >
                         <setting-value key="sufficient" default="true"  label="security.authNModule.controlFlag.sufficient"/>
                         <setting-value key="required" default="false"  label="security.authNModule.controlFlag.required"/>
                         <setting-value key="requisite" default="false"  label="security.authNModule.controlFlag.requisite"/>
                         <setting-value key="optional" default="false"  label="security.authNModule.controlFlag.optional"/>
                </setting-element>
    
                <setting-element name="order"
                                 label="security.authNModule.order"
                                 data-type="Integer"
                                 presentation-type="TextField"
                                 inheritable="true"
                                 optional="false"
                                 read-only="false"
                                 default-value="1">
                </setting-element>
    
                <setting-element name="mode"
                                 label="security.authNModule.mode"
                                 data-type="String"
                                 presentation-type="ComboBox"
                                 inheritable="true"
                                 optional="false"
                                 read-only="false"
                         >
                    <setting-value key="incoming" default="true"  label="security.authNModule.mode.incoming"/>
                    <setting-value key="outgoing" default="false"  label="security.authNModule.mode.outgoing"/>
                </setting-element>
                
                <setting-element name="urlpattern"
                                 label="security.authNModule.urlpattern"
                                 data-type="String"
                                 presentation-type="TextField"
                                 inheritable="true"
                                 optional="false"
                                 read-only="false"
                                 default-value="inboundCAS">
                </setting-element>

                <!-- MODULE-SPECIFIC ELEMENTS -->
                <setting-element name="casvalidationurl"
                                 label="CAS Server Validation URL"
                                 data-type="String"
                                 presentation-type="TextField"
                                 inheritable="true"
                                 optional="false"
                                 read-only="false"
                                 default-value="https://auth.wiu.edu/cas/serviceValidate"
                         >
                </setting-element>
    
                <setting-element name="casssltrustall"
                                 label="CAS Server SSL/TLS Certificate Trust"
                                 data-type="String"
                                 presentation-type="ComboBox"
                                 inheritable="true"
                                 optional="true"
                                 read-only="false"
                         >
                         <setting-value key="false" default="true" label="Require a Trusted SSL Certificate"/>
                         <setting-value key="true" default="false" label="Trust all SSL Certificates"/>
                </setting-element>
    
                <setting-element name="casvalidationversion" 
                                 label="CAS Server Validation Version"
                                 data-type="String"
                                 presentation-type="ComboBox"
                                 inheritable="true"
                                 optional="false"
                                 read-only="false"
                         >
                         <setting-value key="cas1" default="false" label="1.0"/>
                         <setting-value key="cas2" default="true"  label="2.0"/>
                </setting-element>
                
                <setting-element name="serviceurl" 
                                 label="Client Service Validation URL"
                                 data-type="String"
                                 presentation-type="TextField"
                                 inheritable="true"
                                 optional="false"
                                 read-only="false"
                                 default-value="https://wo-test.wiu.edu/webct/urw/ssinboundCAS.siURN:X-WEBCT-VISTA-V1:82f26bfe-8f2b-de2b-01b0-4fbfffccc4b2.snWebCT/cobaltMainFrame.dowebct">
                </setting-element>
    
                <setting-element name="errorurl"
                                 label="Redirect Error URL"
                                 data-type="String"
                                 presentation-type="TextField"
                                 inheritable="true"
                                 optional="true"
                                 read-only="false"
                                 default-value="https://wo-test.wiu.edu/webct/entryPageIns.dowebct?error=1">
                </setting-element>
            
            </settings-group>
           
        </settings-structure>
    </component>        
</deployablecomponents>

